Well,Trap Location,Leaf Type,Sample Date,Week,Weight,%N,%C,C/N  ratio (by mol),,,
lt8 c5,CP2,alvar,7-May,18,2.608,3.741684805,43.32116211,13.50764654,,,
missing,CP2,edge,7-May,18,,,,,,,
mt2 c1,CP2,moth,7-May,18,2.153,8.982243808,55.05346094,7.150667376,,,
lt7 d8,CP2,alvar,3-Jun,22,2.703,2.156322187,44.63740235,24.15082947,,,
missing,CP2,edge,3-Jun,22,,,,,,,
mt2 a6,CP2,moth,4-Jun,22,2.779,7.9775522,58.98224784,8.625781537,,,
lt9 f5,CP2,alvar,15-Jun,24,3.721,2.216168245,39.94074777,21.02617397,,,
lt8 e7,CP2,edge,15-Jun,24,3.657,2.187473982,46.7158253,24.91540317,,,
mt1 f3,CP2,moth,16-Jun,24,3.007,9.556460352,57.47532878,7.016672259,,,
lt8 e3,CP2,alvar,21-Jun,25,3.127,1.689020797,44.19577266,30.52759022,,,
lt8 d8,CP2,edge,21-Jun,25,2.683,2.125350291,47.25394379,25.93906581,,,
mt1 e7,CP2,moth,22-Jun,25,2.419,9.447777065,53.93186006,6.659820927,,,
lt9 b3,CP2,alvar,6-Jul,27,2.992,1.637541826,45.74480304,32.59088473,,,
lt8 b7,CP2,edge,6-Jul,27,2.298,1.695347509,46.02124765,31.66988203,,,
mt1 e4,CP2,moth,7-Jul,27,3.688,9.480716666,55.55837434,6.83683583,,,
lt7 e5,CP2,alvar,26-Jul,30,3.156,1.47352593,44.02696119,34.85842157,,,
lt8 e6,CP2,edge,26-Jul,30,2.347,1.729270276,46.78898516,31.5665805,,,
mt1 d2,CP2,moth,27-Jul,30,3.351,7.215722491,56.34599171,9.110243694,,,
lt8 a3,CP2,alvar,2-Aug,31,3.588,1.565039156,44.03461365,32.82583424,,,
lt9 b1,CP2,edge,2-Aug,31,2.981,1.481308504,46.82483696,36.87886508,,,
mt1 c4,CP2,moth,3-Aug,31,2.545,10.02466945,54.55994025,6.349662096,,,
lt9 b2,CP2,alvar,21-Sep,38,3.25,1.723024514,40.73630511,27.58271221,,,
lt9 a6,CP2,edge,21-Sep,38,1.495,1.151462424,47.3082222,47.93289365,,,
mt1 b3,CP2,moth,22-Sep,38,2.612,11.02640322,51.62637141,5.46241285,,,
missing,CP2,alvar,27-Sep,39,,,,,,,
missing,CP2,edge,27-Sep,39,,,,,,,
lt8 c3,CP2,alvar,5-Oct,40,2.447,1.871811756,46.9701518,29.27565245,,,
lt9 a8,CP2,edge,5-Oct,40,2.097,0.944293456,45.4368073,56.13679537,,,
mt1 a4,CP2,moth,6-Oct,40,2.208,9.527926814,52.02027466,6.369729913,,,
lt8 b1,CP3,alvar,7-May,18,3.734,6.518853246,48.55931609,8.690567698,,,
mt2 b5,CP3,moth,7-May,18,1.889,10.56548149,53.22069562,5.87676119,,,
lt8 f2,CP3,edge,Incorrect date,19,2.811,1.098568026,48.00577432,50.98158273,,,
missing,CP3,alvar,15-May,20,,,,,,,
lt7 f1,CP3,edge,15-May,20,3.17,3.292466501,48.56002141,17.20696575,,,
mt2 b4,CP3,moth,16-May,20,2.375,8.830463291,53.48481282,7.066327806,,,
lt7 e1,CP3,alvar,24-May,21,3.505,2.640862423,50.61904556,22.36222252,,,
lt9 d2,CP3,edge,24-May,21,2.711,2.054183888,50.53783087,28.70278704,,,
NO MOTHS,CP3,moth,25-May,21,,,,,,,
lt10 a4,CP3,alvar,3-Jun,22,3.107,2.103759738,51.49136737,28.55519137,,,
lt8 a4,CP3,edge,3-Jun,22,2.492,1.611766716,50.5382468,36.58177534,,,
mt2 a8,CP3,moth,4-Jun,22,3.062,8.30930342,59.55200913,8.361392102,,,
lt7 d1,CP3,alvar,Incorrect date,23,1.448,1.491454962,49.9864235,39.10107617,,,
lt9 f3,CP3,alvar,15-Jun,24,3.81,1.84772002,50.50414301,31.88875995,,,
lt7 f7,CP3,edge,15-Jun,24,2.865,1.736762778,47.46439605,31.88410612,,,
mt1 f5,CP3,moth,16-Jun,24,2.725,9.626376113,54.85538951,6.648187613,,,
lt9 b5,CP3,alvar,21-Jun,25,2.217,1.659410933,50.05188809,35.18951712,,,
lt7 b1,CP3,edge,21-Jun,25,3.167,1.562839807,49.03885539,36.60771736,,,
mt1 e6,CP3,moth,22-Jun,25,2.207,8.784016017,55.7720655,7.407478496,,,
lt7 d3,CP3,alvar,6-Jul,27,2.555,3.446035706,49.71531219,16.83128166,,,
lt10 a3,CP3,edge,6-Jul,27,2.803,1.37169092,49.42695549,42.03919451,,,
mt1 e2,CP3,moth,7-Jul,27,2.749,8.117899866,58.87537655,8.461294231,,,
lt8 a8,CP3,alvar,19-Jul,29,3.439,0.871856762,46.59462466,62.3501449,,,
lt7 b8,CP3,edge,19-Jul,29,2.94,1.399883732,49.900173,41.58693125,,,
mt1 d4,CP3,moth,20-Jul,29,2.278,9.912141382,53.66162674,6.316014752,,,
lt8 d7,CP3,alvar,2-Aug,31,3.27,1.230867766,50.81287285,48.16251319,,,
lt8 c7,CP3,edge,2-Aug,31,3.074,1.90793871,47.97378893,29.33502011,,,
mt1 c6,CP3,moth,3-Aug,31,2.683,9.423856996,54.60038449,6.759488032,,,
lt7 b2,CP3,alvar,17-Aug,33,3.298,1.209027504,50.48618029,48.71729011,,,
lt8 c4,CP3,edge,17-Aug,33,2.841,1.173851758,48.72666767,48.42841405,,,
mt1 c1,CP3,moth,18-Aug,33,2.695,7.841947917,56.39796325,8.39046937,,,
lt8 f4,CP3,alvar,23-Aug,34,2.557,1.29654986,51.01868826,45.90783956,,,
lt8 c2,CP3,edge,23-Aug,34,3.982,1.691951772,46.76404386,32.24563021,,,
mt1 b8,CP3,moth,24-Aug,34,1.628,9.671146547,54.48443765,6.572661985,,,
lt8 e8,CP3,alvar,14-Sep,37,3.363,0.964123862,51.04393964,61.76723268,,,
missing,CP3,edge,14-Sep,37,,,,,,,
NO MOTHS,CP3,moth,15-Sep,37,,,,,,,
lt7 d7,CP3,alvar,21-Sep,38,3.892,1.045687886,51.49014116,57.44719067,,,
lt7 d2,CP3,edge,21-Sep,38,3.171,1.151647881,50.00595663,50.65809062,,,
mt1 b1,CP3,moth,22-Sep,38,1.825,10.79109537,51.21091851,5.536608617,,,
lt9 e4,CP3,alvar,27-Sep,39,1.87,1.332648423,57.2065311,50.0814407,,,
lt9 e7,CP3,edge,27-Sep,39,3.03,1.099993557,50.63829422,53.70759635,,,
mt2 c4,CP3,moth,28-Sep,39,2.091,8.434715529,56.5000102,7.814926104,,,
lt7 a8,CP3,alvar,5-Oct,40,2.242,0.688836446,49.90781006,84.52772602,,,
missing,CP3,edge,5-Oct,40,,,,,,,
mt1 a2,CP3,moth,6-Oct,40,2.322,8.119639617,57.20446227,8.21939673,,,
lt10 c2,CP4,alvar,7-May,18,2.681,3.483928416,46.66966347,15.62831787,,,
lt10 b1,CP4,edge,7-May,18,3.942,3.922667397,46.95112913,13.96404838,,,
NO MOTHS,CP4,moth,7-May,18,,,,,,,
lt10 a6,CP4,edge,Incorrect date,19,3.387,0.796386983,47.60088641,69.73289197,,,
lt10 a8,CP4,alvar,15-May,20,3.051,2.836502752,48.49733056,19.94717578,,,
lt7 c5,CP4,edge,15-May,20,2.811,2.602339936,48.92328713,21.93301787,,,
NO MOTHS,CP4,moth,16-May,20,,,,,,,
lt7 a7,CP4,alvar,24-May,21,3.807,1.794579295,47.44676218,30.84542212,,,
lt9 d5,CP4,edge,24-May,21,3.377,2.253699815,49.81007725,25.7850475,,,
mt2 c3,CP4,moth,25-May,21,2.176,8.467183446,56.50399975,7.785509015,,,
lt9 f1,CP4,alvar,3-Jun,22,1.944,1.885211779,48.12029168,29.7793282,,,
lt9 a4,CP4,edge,3-Jun,22,2.595,1.931415746,52.16057298,31.50745868,,,
mt2 a7,CP4,moth,4-Jun,22,2.466,10.21473971,59.93502205,6.845420869,,,
lt9 c5,CP4,alvar,15-Jun,24,3.721,1.880576795,46.20323162,28.66342409,,,
lt7 e8,CP4,edge,15-Jun,24,3.212,2.00498886,49.2866042,28.67898141,,,
mt1 f6,CP4,moth,16-Jun,24,2.009,9.540363164,53.09875585,6.493311358,,,
missing,CP4,alvar,21-Jun,25,,,,,,,
lt8 d5,CP4,edge,21-Jun,25,2.596,1.669293238,49.2540997,34.42362013,,,
mt1 f2,CP4,moth,22-Jun,25,2.872,8.756020765,55.95198907,7.455135424,,,
lt7 c7,CP4,alvar,6-Jul,27,2.646,0.833146804,47.91622677,67.0977363,,,
lt9 b4,CP4,edge,6-Jul,27,2.544,1.578777593,50.99545866,37.68402975,,,
mt1 d8,CP4,moth,7-Jul,27,2.942,7.30993506,60.22251128,9.611521294,,,
missing,CP4,moth,12-Jul,28,,,,,,,
lt8 a1,CP4,alvar,19-Jul,29,2.24,0.748736811,48.52517537,75.61095406,,,
lt7 b5,CP4,edge,19-Jul,29,2.682,1.64476976,48.45724603,34.37165194,,,
mt1 d5,CP4,moth,20-Jul,29,2.894,9.062214666,53.09860378,6.835897555,,,
lt10 a1,CP4,alvar,2-Aug,31,3.073,1.047992762,46.50034554,51.76600936,,,
lt7 f5,CP4,edge,2-Aug,31,2.918,1.568717748,48.27807614,35.90475229,,,
mt1 c5,CP4,moth,3-Aug,31,1.968,9.275126246,56.04648236,7.049776038,,,
lt8 b5,CP4,alvar,17-Aug,33,3.997,1.210503229,47.13061066,45.42384616,,,
lt9 d7,CP4,edge,17-Aug,33,3.506,1.571543267,48.91483765,36.31291088,,,
mt1 c2,CP4,moth,18-Aug,33,2.618,9.624172213,54.7521419,6.637194085,,,
lt10 b8,CP4,alvar,23-Aug,34,2.655,0.818924169,48.00107819,68.38393591,,,
lt9 d8,CP4,edge,23-Aug,34,2.897,1.385432423,48.9233088,41.1981073,,,
mt1 b7,CP4,moth,24-Aug,34,2.951,8.516686776,55.87544812,7.654152903,,,
lt9 f4,CP4,alvar,14-Sep,37,2.402,1.15340836,48.26939494,48.82424652,,,
lt7 f4,CP4,edge,14-Sep,37,3.129,1.375081649,47.77176766,40.53121424,,,
NO MOTHS,CP4,moth,15-Sep,37,,,,,,,
lt7 d4,CP4,alvar,21-Sep,38,3.391,1.139797644,48.41394417,49.55523042,,,
lt7 b6,CP4,edge,21-Sep,38,3.453,1.375244435,48.62788074,41.25268649,,,
mt1 b2,CP4,moth,22-Sep,38,3.349,10.26011686,51.65998336,5.874200207,,,
lt9 b6,CP4,alvar,27-Sep,39,2.036,1.036128146,48.10879534,54.1698709,,,
lt8 d2,CP4,edge,27-Sep,39,3.474,1.205419216,47.59502247,46.06490878,,,
mt2 c5,CP4,moth,28-Sep,39,1.457,11.34821466,51.12447205,5.25591198,,,
missing,CP4,alvar,5-Oct,40,,,,,,,
missing,CP4,edge,5-Oct,40,,,,,,,
mt1 a6,CP4,moth,6-Oct,40,1.115,8.938924382,54.98580525,7.176490525,,,
lt7 c1,CP5,alvar,7-May,18,3.132,1.367495412,44.52672621,37.9875843,,,
missing,CP5,edge,7-May,18,,,,,,,
mt2 b7,CP5,moth,7-May,18,1.793,10.02193104,50.53864104,5.883272162,,,
lt9 a3,CP5,alvar,15-May,20,3.126,3.115733377,46.6026104,17.45005286,,,
lt7 d5,CP5,edge,15-May,20,3.07,2.561874064,48.04803612,21.88087343,,,
NO MOTHS,CP5,moth,16-May,20,,,,,,,
lt7 b3,CP5,alvar,24-May,21,2.773,2.230421363,47.64270396,24.92047267,,,
lt10 b4,CP5,edge,24-May,21,2.446,2.09851185,47.52177414,26.41970777,,,
mt2 b1,CP5,moth,25-May,21,2.647,10.04307228,53.7186159,6.240293486,,,
lt10 c3,CP5,alvar,3-Jun,22,2.488,2.063086811,47.46024744,26.83856462,,,
lt9 f8,CP5,edge,3-Jun,22,3.641,3.859958369,46.70241399,14.11573505,,,
mt2 a5,CP5,moth,4-Jun,22,2.953,9.111128231,54.3314359,6.957061037,,,
lt7 b4,CP5,alvar,15-Jun,24,3.208,1.769761292,46.87959732,30.90409074,,,
lt10 b3,CP5,edge,15-Jun,24,3.644,1.311358128,46.90697255,41.73139293,,,
mt2 a2,CP5,moth,16-Jun,24,2.643,8.65025502,56.69881842,7.647014029,,,
lt7 f2,CP5,alvar,21-Jun,25,1.472,1.724387843,47.22613303,31.95171866,,,
lt9 c2,CP5,edge,21-Jun,25,3.268,1.367569627,45.56753223,38.8734291,,,
mt1 e5,CP5,moth,22-Jun,25,1.212,9.305867376,53.62043288,6.722336475,,,
lt8 d3,CP5,alvar,6-Jul,27,1.944,1.519257071,46.62061664,35.8008664,,,
lt7 b7,CP5,edge,6-Jul,27,2.66,1.14883786,46.92277351,47.65096772,,,
mt1 e1,CP5,moth,7-Jul,27,2.758,9.535708953,56.73498721,6.941363116,,,
lt10 b2,CP5,alvar,19-Jul,29,3.574,1.887102445,47.06341412,29.09609737,,,
lt7 e3,CP5,edge,19-Jul,29,2.847,1.104381558,47.2608906,49.92631878,,,
mt1 d7,CP5,moth,20-Jul,29,2.859,8.999770372,52.85121867,6.851258706,,,
lt7 d6,CP5,alvar,17-Aug,33,3.843,1.750959412,45.32079366,30.19730721,,,
lt7 c3,CP5,edge,17-Aug,33,2.594,1.249941614,47.68333881,44.50652839,,,
NO MOTHS,CP5,moth,18-Aug,20,,,,,,,
lt9 f7,CP5,alvar,23-Aug,34,2.211,1.181813059,44.30821466,43.74035022,,,
lt9 d6,CP5,edge,23-Aug,34,2.115,0.9894478,47.69046654,56.2322516,,,
lt7 f3,CP5,alvar,14-Sep,37,3.094,1.39879615,44.00572033,36.70299425,,,
lt8 b2,CP5,edge,14-Sep,37,2.233,1.121647631,49.49691576,51.48354984,,,
mt1 b5,CP5,moth,15-Sep,37,2.505,9.364614296,52.19720892,6.502856585,,,
lt9 e8,CP5,alvar,21-Sep,38,3.049,1.301606507,46.52230287,41.69925375,,,
lt9 e6,CP5,edge,21-Sep,38,3.382,1.15930996,48.1100072,48.41530192,,,
mt1 a7,CP5,moth,22-Sep,38,2.228,8.951685744,54.83211674,7.146229738,,,
lt8 a7,CP5,alvar,27-Sep,39,3.433,1.317863034,44.95652597,39.79873398,,,
lt9 a7,CP5,edge,27-Sep,39,1.562,0.967030234,47.87607228,57.75974289,,,
mt2 c6,CP5,moth,28-Sep,39,3.202,8.994764037,59.71098535,7.744818647,,,
missing,CP5,alvar,5-Oct,40,,,,,,,
missing,CP5,edge,5-Oct,40,,,,,,,
mt1 a5,CP5,moth,6-Oct,40,2.743,9.219728823,53.33966343,6.749613631,,,
lt9 c3,CP6,alvar,7-May,18,2.958,1.0411962,50.22436746,56.27670884,,,
lt10 b7,CP6,edge,7-May,18,3.431,2.649403216,46.56377276,20.50439179,,,
mt2 b8,CP6,moth,7-May,18,2.176,10.60252269,50.39692275,5.545511346,,,
lt8 a5,CP6,alvar,15-May,20,2.989,2.697928023,48.57298538,21.0044458,,,
lt8 d6,CP6,edge,15-May,20,2.292,4.203706331,49.56646973,13.75632441,,,
mt2 b3,CP6,moth,16-May,20,1.751,6.970609346,61.42788572,10.28114805,,,
NO MOTHS,CP6,moth,16-May,20,,,,,,,
lt8 b4,CP6,alvar,24-May,21,2.773,3.08712156,49.17055057,18.58224279,,,
lt8 f3,CP6,edge,24-May,21,3.261,2.977807217,50.14255995,19.64521173,,,
NO MOTHS,CP6,moth,25-May,21,,,,,,,
lt7 e7,CP6,alvar,3-Jun,22,3.474,2.288170045,47.55582697,24.24723558,,,
lt9 c7,CP6,edge,3-Jun,22,2.668,2.182164408,50.65863784,27.08400152,,,
mt2 a3,CP6,moth,4-Jun,22,2.595,9.117480982,54.81055711,7.013521617,,,
lt9 c6,CP6,alvar,15-Jun,24,2.053,2.561870942,47.22469637,21.50595418,,,
lt9 e5,CP6,edge,15-Jun,24,3.278,1.87218153,49.48062081,30.83429146,,,
mt1 f4,CP6,moth,16-Jun,24,2.901,9.30454731,58.94600196,7.391045832,,,
lt8 a6,CP6,alvar,21-Jun,25,2.702,2.028394344,47.09211319,27.08585679,,,
lt7 e2,CP6,edge,21-Jun,25,3.582,2.078226292,49.91888341,28.02327039,,,
mt1 f1,CP6,moth,22-Jun,25,1.865,9.775502731,55.77960441,6.657069915,,, 
lt8 e5,CP6,alvar,6-Jul,27,2.19,2.006938254,47.98539536,27.89471033,,,
lt10 a5,CP6,edge,6-Jul,27,3.607,1.677245508,50.3839004,35.04628086,,,
NO MOTHS,CP6,moth,7-Jul,27,,,,,,,
lt9 b8,CP6,alvar,19-Jul,29,2.987,1.522586757,46.16857871,35.37620537,,,
mt1 d3,CP6,moth,20-Jul,29,2.165,10.1700038,53.13394104,6.095336749,,,
lt8 e1,CP6,alvar,26-Jul,30,2.544,1.848955357,47.62559381,30.05112728,,,
lt8 d1,CP6,edge,26-Jul,30,1.825,1.407755435,51.32392387,42.53431361,,,
lt8 f8,CP6,alvar,2-Aug,31,2.962,1.670417141,46.59958549,32.54647101,,,
lt9 a5,CP6,edge,2-Aug,31,2.317,1.703106818,48.37199716,33.13591144,,,
mt1 c3,CP6,moth,3-Aug,31,2.658,9.643040762,54.04437351,6.538577473,,,
lt8 b6,CP6,alvar,23-Aug,34,3.458,1.468133196,47.87894021,38.04747672,,,
lt8 d4,CP6,edge,23-Aug,34,3.047,1.613692421,49.378092,35.69935215,,,
lt10 b6,CP7,alvar,7-May,18,3.456,4.777837221,47.80815726,11.67393967,,,
mt2 b6,CP7,moth,7-May,18,3.089,9.683983111,53.72705002,6.47270422,,,
lt8 f7,CP7,edge,Incorrect date,19,3.436,1.239159145,44.62355339,42.01301544,,,
lt8 f6,CP7,alvar,15-May,20,2.654,3.670491372,45.35589997,14.41638497,,,
lt10 c1,CP7,edge,15-May,20,3.317,2.769287412,46.35307124,19.52797781,,,
mt2 b2,CP7,moth,16-May,20,1.562,10.43636332,53.57359425,5.98891824,,,
lt7 e6,CP7,alvar,24-May,21,4.001,3.222764337,46.72915049,16.91632913,,,
lt10 b5,CP7,edge,24-May,21,2.934,1.998705405,47.57492808,27.77001683,,,
mt2 c2,CP7,moth,25-May,21,1.828,9.412813171,52.0959086,6.457002697,,,
lt7 f6,CP7,alvar,3-Jun,22,3.467,2.556540461,47.00612268,21.45104968,,,
lt9 f6,CP7,edge,3-Jun,22,2.908,2.295114318,48.60519594,24.707293,,,
mt2 a4,CP7,moth,4-Jun,22,2.95,9.955019168,53.46232308,6.265453557,,,
lt7 c2,CP7,alvar,15-Jun,24,3.787,2.236817736,47.14156205,24.58782768,,,
lt7 c6,CP7,edge,15-Jun,24,3.191,1.798426686,47.8564028,31.04517431,,,
mt1 f7,CP7,moth,16-Jun,24,2.481,7.610666085,59.19007896,9.073462342,,,
lt8 e4,CP7,alvar,21-Jun,25,3.502,2.103274465,47.00405888,26.07271167,,,
lt10 a2,CP7,edge,21-Jun,25,2.435,1.61133419,45.96891984,33.28323002,,,
mt1 e8,CP7,moth,22-Jun,25,2.904,8.490742541,56.60683746,7.778037085,,,
lt9 d3,CP7,alvar,6-Jul,27,2.93,2.144457129,48.655461,26.47043101,,,
lt8 e2,CP7,edge,6-Jul,27,3.092,1.571156615,47.10388485,34.97711927,,,
mt1 e3,CP7,moth,7-Jul,27,2.612,8.239542381,56.96985071,8.066567625,,,
lt7 e4,CP7,alvar,19-Jul,29,3.223,1.820604583,46.06908203,29.52165608,,,
lt9 f2,CP7,edge,19-Jul,29,3.639,1.529563082,45.94105925,35.04131546,,,
mt1 d6,CP7,moth,20-Jul,29,2.217,8.943929257,55.03809489,7.179295459,,,
lt8 f1,CP7,alvar,26-Jul,30,3.659,2.011494184,46.38820233,26.90515828,,,
lt8 c1,CP7,edge,26-Jul,30,3.492,1.340579209,45.38395807,39.49632421,,,
mt1 c8,CP7,moth,27-Jul,30,2.007,9.909953872,53.06347932,6.246990989,,,
lt8 b3,CP7,alvar,2-Aug,31,2.506,2.082944334,48.30941503,27.05832473,,,
lt7 c4,CP7,edge,2-Aug,31,3.532,1.422284823,46.14899811,37.85493377,,,
mt1 c7,CP7,moth,3-Aug,31,2.956,8.494827912,52.20323074,7.169511829,,,
missing,CP7,alvar,23-Aug,34,,,,,,,
lt9 a2,CP7,edge,23-Aug,34,3.445,1.416498655,45.89750635,37.80242964,,,
mt1 b6,CP7,moth,24-Aug,34,2.571,9.816177233,53.61239544,6.371909675,,,
lt8 c6,CP7,alvar,14-Sep,37,3.157,1.77603597,48.54813322,31.89095813,,,
lt9 c1,CP7,edge,14-Sep,37,3.898,1.267755814,45.72717005,42.08094689,,,
mt1 b4,CP7,moth,15-Sep,37,2.572,8.18591988,55.5404881,7.915693907,,,
lt9 e1,CP7,alvar,21-Sep,38,3.906,1.530133226,46.70986381,35.61444206,,,
lt7 f8,CP7,edge,21-Sep,38,2.875,1.066307789,44.93678457,49.16614999,,,
mt1 a8,CP7,moth,22-Sep,38,2.651,10.24505032,52.99670359,6.035059427,,,
lt10 a7,CP7,alvar,27-Sep,39,3.568,0.712633681,48.49191454,79.38707053,,,
lt8 b8,CP7,edge,27-Sep,39,2.928,1.096821647,45.09723855,47.96900674,,,
missing,CP7,alvar,5-Oct,40,,,,,,,
missing,CP7,edge,5-Oct,40,,,,,,,
mt1 a3,CP7,moth,6-Oct,40,3.864,9.457100584,53.00917279,6.539428694,,,
missing,NB1,alvar,5-May,18,,,,,,,
NO MOTHS,NB1,moth,6-May,18,,,,,,,
missing,NB1,alvar,14-May,19,,,,,,,
lt6 e1,NB1,edge,14-May,19,3.004,3.566575564,46.65980851,15.26294405,,,
lt6 e8,NB1,moth,14-May,19,1.734,5.541881487,47.32425989,9.962615885,,,
lt5 e5,NB1,alvar,23-May,21,2.798,3.858297549,49.71488619,15.0327184,,,
lt4 b4,NB1,edge,23-May,21,2.712,3.114356949,49.02122574,18.36380061,,,
mt3 d7,NB1,moth,24-May,21,1.687,8.638581233,33.95888666,4.586250917,,,
lt6 b5,NB1,alvar,1-Jun,22,2.21,2.947628172,47.95398113,18.98011149,,,
lt5 a7,NB1,edge,1-Jun,22,3.602,2.587501517,48.27828036,21.76797194,,,
mt3 d2,NB1,moth,2-Jun,22,2.677,10.41081482,54.76605943,6.13724642,,,
lt6 c2,NB1,alvar,13-Jun,24,3.19,2.31259896,47.2687851,23.84629454,,,
lt4 b3,NB1,edge,13-Jun,24,2.478,2.12997492,44.56294661,24.40878711,,,
mt3 c7,NB1,moth,14-Jun,24,2.427,4.97785405,34.85727268,8.169548105,,,
lt6 f4,NB1,alvar,19-Jun,25,3.893,2.081598442,47.10795163,26.40243949,,,
lt5 d8,NB1,edge,19-Jun,25,3.099,2.117321833,46.95950317,25.87518165,,,
mt3 c3,NB1,moth,20-Jun,25,2.186,8.885018974,54.15848221,7.111396846,,,
lt5 f4,NB1,alvar,28-Jun,26,2.183,2.481676128,47.12845086,22.15566812,,,
lt5 a3,NB1,edge,28-Jun,26,3.399,2.317813539,47.26119531,23.78882523,,,
missing,NB1,moth,29-Jun,26,,,,,,,
lt3 f4,NB1,alvar,4-Jul,27,2.678,1.941563766,47.32265957,28.43572304,,,
lt5 e2,NB1,edge,4-Jul,27,3.014,2.06528147,47.01138197,26.55648303,,,
NO MOTHS,NB1,moth,5-Jul,27,,,,,,,
lt5 d7,NB1,alvar,17-Jul,29,4.031,1.888121442,47.85876917,29.57184292,,,
lt3 f5,NB1,edge,17-Jul,29,3.196,1.748043196,47.01496692,31.37839777,,,
mt3 a6,NB1,moth,18-Jul,29,2.499,9.10039019,55.4362199,7.106902949,,,
lt6 b7,NB1,alvar,24-Jul,30,3.456,1.986400039,46.51520172,27.31964069,,,
lt5 f1,NB1,edge,24-Jul,30,3.618,1.850523965,47.84637368,30.1648454,,,
mt3 a1,NB1,moth,25-Jul,30,2.551,7.857248393,61.24551522,9.0939089,,,
lt6 f8,NB1,alvar,31-Jul,31,3.289,2.162008153,46.72239174,25.21241974,,,
missing,NB1,edge,31-Jul,31,,,,,,,
mt2 f7,NB1,moth,1-Aug,31,1.958,10.26611654,53.84604001,6.119196075,,,
lt5 d6,NB1,alvar,15-Aug,33,2.245,2.00892121,46.7761762,27.16493076,,,
lt4 c3,NB1,edge,15-Aug,33,2.387,1.822064168,47.31750319,30.2973708,,,
mt2 f3,NB1,moth,16-Aug,33,1.527,7.840136634,55.26597163,8.223959595,,,
lt6 a8,NB1,alvar,21-Aug,34,2.845,1.21931174,46.83574432,44.81356153,,,
lt5 e7,NB1,edge,21-Aug,34,3.379,1.805118072,49.3928489,31.92311421,,,
mt2 e5,NB1,moth,22-Aug,34,1.801,9.994363801,55.58389714,6.488445016,,,
lt7 a6,NB1,alvar,11-Sep,37,3.803,1.964397021,48.40851321,28.75009387,,,
lt6 a6,NB1,edge,11-Sep,37,2.437,1.607349213,48.6243563,35.29314927,,,
mt2 e3,NB1,moth,12-Sep,37,2.915,8.265975447,59.51840647,8.400477514,,,
lt3 e6,NB1,alvar,19-Sep,38,2.313,1.36597127,44.50129172,38.00824717,,,
lt4 c4,NB1,edge,19-Sep,38,3.485,1.64253765,48.08554287,34.15434649,,,
missing,NB1,moth,22-Sep,38,,,,,,,
lt5 f7,NB1,alvar,25-Sep,39,3,1.74459263,60.59475374,40.52171157,,,
lt4 e2,NB1,edge,25-Sep,39,2.513,1.634677578,49.57235513,35.37970734,,,
mt2 d5,NB1,moth,26-Sep,39,2.681,11.058525,52.61310246,5.550645576,,,
lt5 b7,NB1,alvar,3-Oct,40,2.627,1.171087488,49.32930887,49.14309214,,,
lt5 c2,NB1,edge,3-Oct,40,3.968,0.938068126,46.79217167,58.19499187,,,
mt2 d3,NB1,moth,5-Oct,40,2.89,10.20817881,52.94033027,6.050415043,,,
lt6 c5,NB1,edge,Incorrect date,,1.922,1.82658517,47.57527389,30.38702335,,,
lt6 e4,NB2,alvar,5-May,18,2.184,5.296414924,49.16668716,10.83018152,,,
lt6 e5,NB2,edge,5-May,18,2.822,5.350109567,48.95070386,10.67438971,,,
NO MOTHS,NB2,moth,6-May,18,,,,,,,
lt3 f8,NB2,alvar,14-May,19,3.622,4.159488119,47.29591414,13.26571081,,,
lt3 d6,NB2,edge,14-May,19,3.163,4.052899347,48.10067782,13.84624997,,,
lt3 e2,NB2,alvar,23-May,21,2.116,2.804678309,47.84981945,19.90416839,,,
lt5 f5,NB2,edge,23-May,21,3.065,3.142561043,46.13538824,17.12762899,,,
mt3 d4,NB2,moth,24-May,21,1.295,7.645344684,54.07668369,8.25201046,,,
lt5 b2,NB2,edge,1-Jun,22,1.773,2.576697591,46.90056247,21.23544613,,,
mt3 d1,NB2,moth,2-Jun,22,2.413,8.142212646,54.95613351,7.874455247,,,
lt5 c7,NB2,alvar,13-Jun,24,3.144,3.686908808,48.92381372,15.48120272,,,
lt4 d2,NB2,edge,13-Jun,24,3.314,2.39875101,48.00467828,23.34775796,,,
mt3 c6,NB2,moth,14-Jun,24,2.783,8.527918825,53.76807081,7.355770762,,,
lt4 c6,NB2,alvar,19-Jun,25,2.139,2.464920852,46.55492561,22.03481699,,,
missing,NB2,edge,19-Jun,25,,,,,,,
mt3 c1,NB2,moth,20-Jun,25,2.524,10.84954577,48.76368785,5.243626818,,,
lt4 c2,NB2,alvar,28-Jun,26,2.676,2.217750113,47.74788953,25.11819108,,,
lt4 c1,NB2,edge,28-Jun,26,2.102,2.171900528,48.09024847,25.83234782,,,
mt3 b6,NB2,moth,29-Jun,26,2.857,8.650352352,57.15582243,7.70856378,,,
lt4 c7,NB2,alvar,4-Jul,27,2.542,2.3114759,46.42752853,23.4332748,,,
lt5 a4,NB2,edge,4-Jul,27,2.183,2.0749032,47.26373349,26.57522645,,,
mt3 b5,NB2,moth,5-Jul,27,2.575,8.202372386,56.24694955,8.000202628,,,
lt4 f4,NB2,alvar,17-Jul,29,3.578,2.068046459,46.37028994,26.15931154,,,
lt4 d7,NB2,edge,17-Jul,29,3.771,1.903418281,47.34140205,29.01707747,,,
mt3 a5,NB2,moth,18-Jul,29,2.982,8.316049016,57.70465254,8.09544226,,,
lt6 f2,NB2,alvar,24-Jul,30,3.154,1.89909367,45.52249517,27.96574942,,,
lt6 f5,NB2,edge,24-Jul,30,2.551,1.931479089,44.10030086,26.63779862,,,
mt3 a4,NB2,moth,25-Jul,30,2.567,9.53663649,56.48457925,6.91005428,,,
lt3 e3,NB2,alvar,31-Jul,31,2.788,2.028009988,46.04132037,26.48649371,,,
lt6 d7,NB2,edge,31-Jul,31,2.29,1.793187089,47.83847078,31.12421988,,,
mt2 f5,NB2,moth,1-Aug,31,2.093,9.091904556,54.62198865,7.009054377,,,
lt5 c4,NB2,alvar,15-Aug,33,2.903,1.715627099,43.31688201,29.45649574,,,
lt4 d1,NB2,edge,15-Aug,33,3.056,1.642643649,44.04015322,31.2789562,,,
mt2 f2,NB2,moth,16-Aug,33,2.301,10.33353549,54.04728747,6.101993724,,,
lt6 e6,NB2,alvar,21-Aug,34,2.262,1.760298444,45.07203927,29.87223331,,,
lt5 e6,NB2,edge,21-Aug,34,3.67,1.617995121,45.74283152,32.9831877,,,
mt2 e6,NB2,moth,22-Aug,34,2.522,8.889315396,57.57887989,7.556865392,,,
lt4 b7,NB2,alvar,11-Sep,37,2.459,1.791536665,49.11403228,31.98355102,,,
lt6 b6,NB2,edge,11-Sep,37,2.634,1.397304301,40.0423166,33.43297233,,,
mt2 e2,NB2,moth,12-Sep,37,2.811,10.38799739,51.988373,5.838767525,,,
missing,NB2,alvar,19-Sep,38,,,,,,,
lt3 f7,NB2,edge,19-Sep,38,2.68,1.57574396,47.3786752,35.07874533,,,
missing,NB2,moth,22-Sep,38,,,,,,,
lt6 c3,NB2,alvar,25-Sep,39,1.623,1.475324616,60.37746887,47.74568226,,,
lt6 c7,NB2,edge,25-Sep,39,2.635,1.520374545,47.04402777,36.09945933,,,
mt2 d7,NB2,moth,26-Sep,39,2.623,7.798504244,57.65723341,8.625599244,,,
missing,NB2,alvar,3-Oct,40,,,,,,,
lt4 b1,NB2,edge,3-Oct,40,1.907,0.959314211,46.19453473,56.17932398,,,
mt2 c7,NB2,moth,5-Oct,40,2.519,9.702779,55.10773514,6.626179743,,,
mt3 d8,NB3,moth,6-May,18,1.658,8.26835473,52.66083771,7.430455757,,,
lt3 d7,NB3,edge,14-May,19,2.439,4.314772471,46.8352608,12.66373557,,,
lt5 c5,NB3,alvar,23-May,21,2.627,3.330617283,47.67798012,16.70090119,,,
lt4 d8,NB3,edge,23-May,21,2.563,3.653422721,48.46281074,15.4758839,,,
mt3 d5,NB3,moth,24-May,21,2.165,10.96999361,49.20564937,5.233056005,,,
lt5 a1,NB3,alvar,1-Jun,22,3.489,2.378498085,46.63229439,22.87340225,,,
lt4 a2,NB3,edge,1-Jun,22,2.627,2.803881742,47.5372228,19.77975478,,,
mt3 d3,NB3,moth,2-Jun,22,1.664,9.586058988,55.48764578,6.753097057,,,
lt5 f3,NB3,alvar,13-Jun,24,3.383,1.770070307,48.26094416,31.80915167,,,
lt3 f3,NB3,edge,13-Jun,24,3.456,2.56650848,47.9944326,21.81699579,,,
mt3 c5,NB3,moth,14-Jun,24,2.709,9.733612575,55.05740107,6.599156694,,,
lt5 a5,NB3,alvar,19-Jun,25,3.365,1.656280402,48.13602779,33.90651668,,,
lt5 d2,NB3,edge,19-Jun,25,1.621,2.409608525,47.18938252,22.84781077,,,
mt3 b8,NB3,moth,20-Jun,25,2.986,9.243331473,54.82325361,6.919633115,,,
lt5 d3,NB3,alvar,28-Jun,26,3.04,1.761011503,48.56928487,32.17705597,,,
lt4 b5,NB3,edge,28-Jun,26,3.351,1.686447559,48.37270565,33.4637285,,,
missing,NB3,moth,29-Jun,26,,,,,,,
lt4 e6,NB3,alvar,4-Jul,27,3.394,1.451773285,48.18782838,38.72445765,,,
lt3 e8,NB3,edge,4-Jul,27,2.585,2.104769895,47.60020758,26.38463029,,,
mt3 b3,NB3,moth,5-Jul,27,2.458,7.905013476,55.95239584,8.25777152,,,
lt6 d3,NB3,alvar,17-Jul,29,2.661,1.877928368,49.32141753,30.64102698,,,
lt5 b6,NB3,edge,17-Jul,29,2.2729,2.955459953,59.90102144,23.64590491,,,
mt3 a8,NB3,moth,18-Jul,29,1.759,9.242198372,48.51876959,6.1246501,,,
missing,NB3,alvar,24-Jul,30,,,,,,,
lt6 a4,NB3,edge,24-Jul,30,3.209,1.649184981,57.43050737,40.62749746,,,
mt3 a3,NB3,moth,25-Jul,30,2.886,8.093557171,59.0433354,8.510953818,,,
lt6 a5,NB3,alvar,31-Jul,31,3.227,1.55199938,48.36667968,36.35812855,,,
lt4 b2,NB3,edge,31-Jul,31,3.654,1.671009812,46.27335339,32.30715857,,,
mt2 f6,NB3,moth,1-Aug,31,3.04,9.290884217,56.86026251,7.140006417,,,
lt6 b2,NB3,alvar,15-Aug,33,3.359,1.906195934,49.70238682,30.41980991,,,
lt6 d8,NB3,edge,15-Aug,33,2.137,1.422676342,47.77501787,39.17793471,,,
mt2 f1,NB3,moth,16-Aug,33,1.757,10.13098241,55.28181873,6.366160021,,,
lt4 a8,NB3,alvar,21-Aug,34,2.769,1.750069472,49.78872651,33.19116671,,,
lt6 c6,NB3,edge,21-Aug,34,3.655,1.080090346,46.36403674,50.08041818,,,
mt2 e7,NB3,moth,22-Aug,34,2.958,9.526569379,54.99933078,6.735466184,,,
lt5 f2,NB3,alvar,11-Sep,37,3.62,1.810284365,50.47020826,32.52633165,,,
lt6 f1,NB3,edge,11-Sep,37,3.877,1.238510835,45.64007842,42.99256546,,,
mt2 d8,NB3,moth,12-Sep,37,2.745,10.55066212,52.87644205,5.846948913,,,
lt6 a2,NB3,alvar,19-Sep,38,3.126,1.013534031,39.81824709,45.8342988,,,
lt5 f8,NB3,edge,19-Sep,38,3.094,1.448672135,50.03948333,40.29855742,,,
mt3 e4,NB3,moth,22-Sep,38,2.399,8.229501817,56.62696929,8.027800343,,,
lt5 c3,NB3,alvar,25-Sep,39,2.74,1.47531913,48.46887212,38.32866824,,,
lt5 b8,NB3,edge,25-Sep,39,3.977,1.136127502,46.16045718,47.40125261,,,
mt2 d6,NB3,moth,26-Sep,39,1.919,6.008478116,64.03574873,12.43382635,,,
lt6 f7,NB3,alvar,3-Oct,40,3.183,0.602598944,49.84043994,96.49399569,,,
lt6 d5,NB3,edge,3-Oct,40,3.168,1.088843539,46.22393035,49.52770239,,,
mt2 d2,NB3,moth,5-Oct,40,1.795,8.852481142,54.49313544,7.181639097,,,
lt6 e3,NB4,alvar,5-May,18,2.358,2.844133473,48.65587867,19.95869474,,,
lt7 a3,NB4,edge,5-May,18,3.227,5.325082849,48.65880811,10.66060587,,,
mt3 e1,NB4,moth,6-May,18,1.982,9.659345751,50.19707161,6.062858886,,,
lt5 a6,NB4,alvar,14-May,19,3.791,4.000488451,47.34727522,13.80793581,,,
lt3 f1,NB4,edge,14-May,19,3.885,3.323914226,48.38663354,16.98331203,,,
mt3 e3,NB4,moth,15-May,20,2.929,6.09843749,36.42526076,6.968364869,,,
NO MOTHS,NB4,moth,24-May,21,,,,,,,
lt6 b4,NB5,alvar,5-May,18,3.099,4.927023839,48.47908644,11.47933033,,,
missing,NB5,edge,5-May,18,,,,,,,
mt3 e2,NB5,moth,6-May,18,1.255,10.08937473,51.33377807,5.935888927,,,
lt5 e8,NB5,alvar,14-May,19,1.957,4.795199019,46.58982173,11.33525257,,,
lt4 a4,NB5,edge,14-May,19,3.308,3.88842123,47.15289274,14.14756914,,,
NO MOTHS,NB5,moth,15-May,20,,,,,,,
lt5 e1,NB5,alvar,23-May,21,1.951,2.886642884,44.7775706,18.09731967,,,
lt4 e8,NB5,edge,23-May,21,3.786,3.008375139,46.91113233,18.19243009,,,
mt3 d6,NB5,moth,24-May,21,2.774,9.310285434,55.82677721,6.995622265,,,
lt5 b1,NB5,alvar,1-Jun,22,3.345,3.239009771,48.32123213,17.40494003,,,
lt6 c4,NB5,edge,1-Jun,22,3.232,2.937118486,46.99409185,18.66674455,,,
lt4 b8,NB5,alvar,13-Jun,24,2.779,2.737358672,46.32471064,19.74366615,,,
lt4 b6,NB5,edge,13-Jun,24,2.81,2.738116748,46.99600878,20.02422905,,,
mt3 c4,NB5,moth,14-Jun,24,2.411,8.162934574,56.72848408,8.107774333,,,
missing,NB5,alvar,19-Jun,25,,,,,,,
lt6 a7,NB5,edge,19-Jun,25,1.971,2.248648317,44.93671439,23.31452473,,,
mt3 c2,NB5,moth,20-Jun,25,2.106,9.588982183,54.2086771,6.595429569,,,
lt4 e4,NB5,alvar,28-Jun,26,3.041,2.346497606,48.68164392,24.20426558,,,
lt4 f1,NB5,edge,28-Jun,26,2.823,2.135068992,44.76974875,24.46355305,,,
mt3 b7,NB5,moth,29-Jun,26,2.368,8.574951555,55.83037521,7.59601233,,,
lt4 a6,NB5,alvar,4-Jul,27,3.263,2.219531123,47.20430406,24.8123072,,,
lt3 e5,NB5,edge,4-Jul,27,3.984,2.255950914,45.20213846,23.376319,,,
mt3 b4,NB5,moth,5-Jul,27,2.871,7.934957314,59.59287768,8.761864898,,,
lt4 d5,NB5,alvar,17-Jul,29,2.325,2.098759253,46.57215182,25.88871356,,,
lt4 d4,NB5,edge,17-Jul,29,2.222,2.112697723,45.36309484,25.05025213,,,
mt3 a7,NB5,moth,18-Jul,29,1.31,9.785551705,56.97037161,6.792200946,,,
lt6 e2,NB5,alvar,24-Jul,30,2.244,1.836557843,47.91253211,30.43626115,,,
lt6 b1,NB5,edge,24-Jul,30,2.37,2.088542315,45.24027377,25.27136703,,,
mt2 f8,NB5,moth,25-Jul,30,1.979,10.34195456,50.5864602,5.706613441,,,
lt3 e1,NB5,alvar,31-Jul,31,3.656,2.165149878,47.90092297,25.81087374,,,
missing,NB5,edge,31-Jul,31,,,,,,,
mt2 f4,NB5,moth,1-Aug,31,1.483,10.24641069,56.59504447,6.443968909,,,
lt4 c5,NB5,alvar,15-Aug,33,3.264,1.91537553,43.96896208,26.78175722,,,
lt5 a8,NB5,edge,15-Aug,33,3.026,1.885067827,45.20936187,27.98003062,,,
mt2 e8,NB5,moth,16-Aug,33,2.386,9.486774394,54.93580519,6.755907757,,,
lt3 f6,NB5,alvar,21-Aug,34,3.641,1.927449626,47.48662293,28.74319481,,,
lt4 e3,NB5,edge,21-Aug,34,2.074,2.036159022,47.32909045,27.11834959,,,
mt2 e4,NB5,moth,22-Aug,34,2.825,9.426444586,55.35951139,6.851586091,,,
lt6 d4,NB5,alvar,11-Sep,37,3.549,1.362557203,45.96086849,39.35321989,,,
lt7 a4,NB5,edge,11-Sep,37,2.678,1.572247147,46.6476181,34.61429154,,,
mt2 e1,NB5,moth,12-Sep,37,2.409,11.73966592,49.81664926,4.950688079,,,
lt5 b5,NB5,alvar,19-Sep,38,3.308,1.431530836,46.93746532,38.25301894,,,
lt7 a2,NB5,edge,19-Sep,38,3.458,1.09260024,47.98518793,51.23806236,,,
mt3 e5,NB5,moth,22-Sep,38,2.953,7.07618789,59.46897315,9.804780449,,,
lt5 d5,NB5,alvar,25-Sep,39,2.284,1.530988805,46.82664742,35.68353241,,,
lt6 c1,NB5,edge,25-Sep,39,3.239,1.041771442,49.01177702,54.88766943,,,
mt2 d4,NB5,moth,26-Sep,39,2.007,9.7617979,56.37571704,6.737659451,,,
lt6 a3,NB5,alvar,3-Oct,40,2.548,1.267483417,47.79827215,43.99635539,,,
missing,NB5,edge,3-Oct,40,,,,,,,
mt2 d1,NB5,moth,5-Oct,40,2.587,10.64377546,53.17298301,5.82830285,,,
lt1 c6,PS1,alvar,8-May,19,4.208,2.60197496,56.43082996,25.30230664,,,
lt1 e3,PS1,edge,8-May,19,2.055,4.712522139,48.8413598,12.09152652,,,
mt3 f5,PS1,moth,9-May,19,1.34,10.06719194,59.48529657,6.89363162,,,
lt3 c1,PS1,alvar,16-May,20,3.813,2.514138651,50.67529737,23.51548124,,,
lt2 e1,PS1,edge,16-May,20,1.831,3.179786374,50.79927197,18.63830155,,,
NO MOTHS,PS1,moth,17-May,20,,,,,,,
lt2 e7,PS1,alvar,25-May,21,3.481,1.900477707,50.68997896,31.11760194,,,
lt2 b3,PS1,edge,25-May,21,3.667,2.367217378,49.80763156,24.54734576,,,
NO MOTHS,PS1,moth,26-May,21,,,,,,,
lt2 a2,PS1,alvar,2-Jun,22,3.066,1.69157347,50.78448902,35.02571514,,,
lt1 e5,PS1,edge,2-Jun,22,2.548,1.84046929,49.87232879,31.61388452,,,
mt5 a4,PS1,moth,3-Jun,22,2.908,9.059069391,54.45306327,7.012704183,,,
lt4 d6,PS1,alvar,14-Jun,24,3.343,1.467206083,50.14846865,39.87616154,,,
lt5 c6,PS1,edge,14-Jun,24,1.977,1.599767362,50.42828513,36.77597176,,,
mt4 f5,PS1,moth,15-Jun,24,2.79,8.106800805,53.33327076,7.675302591,,,
lt3 c5,PS1,alvar,20-Jun,25,2.939,1.45996489,50.9710333,40.73125725,,,
lt3 a6,PS1,edge,20-Jun,25,3.528,1.43258582,49.28200362,40.13418957,,,
mt4 e8,PS1,moth,21-Jun,25,1.986,8.704862307,57.23352676,7.67070696,,,
lt4 a3,PS1,alvar,29-Jun,26,3.498,1.501664717,50.18498998,38.98949899,,,
lt5 f6,PS1,edge,29-Jun,26,2.122,1.696406028,49.61352578,34.12063255,,,
mt4 e4,PS1,moth,30-Jun,26,2.088,9.316966035,57.94151334,7.255412542,,,
lt2 b2,PS1,alvar,5-Jul,27,2.507,1.162006653,49.16043755,49.35758643,,,
lt1 c5,PS1,edge,5-Jul,27,2.194,1.649506826,50.49124067,35.71155119,,,
mt4 d8,PS1,moth,6-Jul,27,2.804,8.097064235,57.98606398,8.354930382,,,
lt6 d6,PS1,alvar,25-Jul,30,2.897,1.189738584,49.3163971,48.36003252,,,
lt5 b3,PS1,edge,25-Jul,30,2.892,1.638412054,49.51895699,35.26104215,,,
mt4 c7,PS1,moth,26-Jul,30,2.815,10.9515579,52.54734464,5.597855209,,,
lt1 f4,PS1,alvar,1-Aug,31,2.919,1.95205116,48.95685513,29.25964859,,,
lt3 d2,PS1,edge,1-Aug,31,2.936,1.219629228,41.85705129,40.03940329,,,
mt4 c3,PS1,moth,1-Aug,31,2.905,9.009082977,55.34832174,7.167548817,,,
lt3 c7,PS1,alvar,16-Aug,33,2.239,1.188186737,49.8409236,48.93822021,,,
lt1 a5,PS1,edge,16-Aug,33,3.565,1.516145582,50.09135196,38.54505222,,,
mt4 c2,PS1,moth,17-Aug,33,2.972,11.29734776,54.15030785,5.59205227,,,
lt1 d1,PS1,alvar,22-Aug,34,3.733,1.245667388,50.29998143,47.10993661,,,
lt1 b8,PS1,edge,22-Aug,34,2.109,1.733352427,50.68592098,34.11514795,,,
mt4 b4,PS1,moth,23-Aug,34,2.598,9.678753253,52.22401933,6.295027981,,,
lt1 f2,PS1,alvar,13-Sep,37,2.354,0.799009194,53.86285377,78.64740051,,,
lt1 f5,PS1,edge,13-Sep,37,2.167,1.021359193,50.10511278,57.23350344,,,
NO MOTHS,PS1,moth,14-Sep,37,,,,,,,
lt2 f7,PS1,alvar,20-Sep,38,3.903,0.994351648,50.35160295,59.07722576,,,
lt2 c4,PS1,edge,20-Sep,38,2.988,1.725373844,50.89986437,34.41757003,,,
mt3 f2,PS1,moth,21-Sep,38,2.999,10.10806208,51.51217238,5.945505082,,,
lt1 a3,PS1,alvar,26-Sep,39,3.05,1.359283792,50.3209008,43.19018439,,,
lt1 b5,PS1,edge,26-Sep,39,4.963,1.361528655,50.28550875,43.08864648,,,
mt3 f1,PS1,moth,27-Sep,39,2.105,8.100375094,38.68094763,5.571071921,,,
lt3 a7,PS1,alvar,4-Oct,40,3.445,0.920494913,50.42309169,63.90794718,,,
lt1 c3,PS1,edge,4-Oct,40,4.128,1.219965837,49.31006147,47.15575083,,,
mt3 e7,PS1,moth,5-Oct,40,2.185,10.33785316,53.88242142,6.08083942,,,
mt4 a5,PS2,moth,Incorrect date,18,1.793,8.636991976,47.4382004,6.407852095,,,
missing,PS2,alvar,8-May,19,,,,,,,
lt2 e3,PS2,edge,8-May,19,3.868,4.29314541,50.13494927,13.62422386,,,
mt5 b2,PS2,moth,9-May,19,1.651,9.765505192,50.91324806,6.082510657,,,
lt3 a8,PS2,alvar,16-May,20,2.878,3.572753422,48.38027746,15.79836344,,,
lt1 d5,PS2,edge,16-May,20,2.063,2.606344161,49.35965079,22.09464894,,,
mt3 f6,PS2,moth,17-May,20,2.759,12.46425943,49.99336854,4.679427363,,,
lt1 b3,PS2,alvar,25-May,21,3.793,4.880839055,49.03032489,11.71971562,,,
lt2 d3,PS2,edge,25-May,21,3.674,2.094692985,49.23036611,27.41949658,,,
missing,PS2,moth,26-May,21,,,,,,,
lt2 a5,PS2,alvar,2-Jun,22,3.048,3.38054731,48.4515249,16.72119153,,,
lt2 b5,PS2,edge,2-Jun,22,3.745,1.924265249,50.52854518,30.63505377,,,
mt5 a5,PS2,moth,3-Jun,22,1.883,8.758708752,57.57591958,7.669156275,,,
lt5 d1,PS2,alvar,14-Jun,24,3.615,2.323317103,48.63015342,24.4199033,,,
lt4 f2,PS2,edge,14-Jun,24,3.333,1.725022016,50.27605513,34.00269509,,,
mt4 f7,PS2,moth,15-Jun,24,2.093,9.989488334,53.20414683,6.213682079,,,
lt1 d4,PS2,alvar,20-Jun,25,4.456,1.885649185,49.06964284,30.3597918,,,
lt1 b1,PS2,edge,20-Jun,25,3.89,1.540831047,47.52959376,35.98784748,,,
mt4 e7,PS2,moth,21-Jun,25,2.717,7.530492105,56.9971574,8.830323797,,,
lt6 f6,PS2,alvar,29-Jun,26,2.91,1.579152661,48.44129433,35.78808103,,,
lt5 b4,PS2,edge,29-Jun,26,2.917,1.200667034,49.40375486,48.00474435,,,
mt4 e2,PS2,moth,30-Jun,26,2.085,9.277029825,56.92295544,7.158553538,,,
lt3 a4,PS2,alvar,5-Jul,27,3.449,2.023576617,64.89464321,37.41415889,,,
lt3 b5,PS2,edge,5-Jul,27,2.643,1.455707238,49.96118561,40.04105246,,,
mt4 f8,PS2,moth,6-Jul,27,2.931,8.883631721,57.0180936,7.488053455,,,
lt1 c2,PS2,alvar,18-Jul,29,3.276,1.129644035,49.7234784,51.35310152,,,
lt2 c1,PS2,edge,18-Jul,29,3.049,1.156598296,49.29241454,49.72151278,,,
mt4 d6,PS2,moth,19-Jul,29,2.449,9.194723617,54.86134386,6.961046773,,,
lt2 d2,PS2,alvar,25-Jul,30,3.472,1.426513093,49.64726702,40.6037714,,,
lt1 f8,PS2,edge,25-Jul,30,2,1.167210323,51.19199383,51.16814992,,,
mt4 d3,PS2,moth,26-Jul,30,1.603,10.18107351,53.51958765,6.132901295,,,
lt2 d5,PS2,alvar,1-Aug,31,2.746,1.294465417,50.24582813,45.28520579,,,
missing,PS2,edge,1-Aug,31,,,,,,,
mt4 c4,PS2,moth,2-Aug,31,2.973,8.132460561,58.66940498,8.416596506,,,
lt2 f4,PS2,alvar,16-Aug,33,3.769,1.137193328,49.18570558,50.46048174,,,
lt2 f5,PS2,edge,16-Aug,33,2.655,1.095112585,49.01622296,52.21891725,,,
mt4 b7,PS2,moth,17-Aug,33,2.333,6.337528446,49.56693167,9.124706491,,,
lt2 a7,PS2,alvar,22-Aug,34,2.441,1.215323621,49.06382025,47.09949073,,,
lt1 d3,PS2,edge,21-Aug,34,3.844,1.326954283,49.70442293,43.70044558,,,
missing,PS2,moth,23-Aug,34,,,,,,,
lt3 c2,PS2,alvar,13-Sep,37,3.786,1.529907984,48.90686727,37.29506115,,,
lt2 d8,PS2,edge,13-Sep,37,3.102,0.932771437,50.54460922,63.21882128,,,
mt4 b1,PS2,moth,14-Sep,37,2.113,9.843616485,51.97819611,6.160462355,,,
lt1 e8,PS2,alvar,20-Sep,38,3.24,1.518678364,50.28589222,38.63021666,,,
mt4 a4,PS2,moth,21-Sep,38,2.059,9.365817285,54.62994752,6.805058954,,,
lt4 f6,PS2,alvar,26-Sep,39,2.921,1.473594651,50.41370305,39.91327389,,,
missing,PS2,edge,26-Sep,39,,,,,,,
mt4 a2,PS2,moth,27-Sep,39,1.988,11.78424771,50.85882909,5.035136911,,,
lt2 f6,PS2,alvar,4-Oct,40,2.205,1.515095201,50.59037029,38.95603302,,,
missing,PS2,edge,4-Oct,40,,,,,,,
mt3 e6,PS2,moth,5-Oct,40,2.348,10.84886383,54.33790143,5.843396999,,,
lt2 b1,PS3,alvar,8-May,19,3.314,4.167832524,47.96911534,13.42759518,,,
lt3 c6,PS3,edge,8-May,19,1.943,4.806717589,47.38061459,11.50002734,,,
mt3 f4,PS3,moth,9-May,19,1.913,10.43464182,50.99966828,5.702123179,,,
lt1 e6,PS3,alvar,16-May,20,2.814,3.074043182,47.61064229,18.06928076,,,
lt2 f8,PS3,edge,16-May,20,2.257,2.873791437,48.32940178,19.62017889,,,
NO MOTHS,PS3,moth,17-May,20,,,,,,,
lt1 e7,PS3,alvar,25-May,21,3.174,2.937506072,48.06228062,19.08852589,,,
lt2 d6,PS3,edge,25-May,21,1.858,1.896477299,48.73690086,29.98175496,,,
mt3 f7,PS3,moth,26-May,21,1.527,11.37236428,51.35527077,5.268428013,,,
lt2 e5,PS3,alvar,2-Jun,22,2.748,2.317316296,49.85841502,25.10151547,,,
lt1 b2,PS3,edge,2-Jun,22,3.35,1.832090998,49.2241984,31.34573093,,,
mt5 a6,PS3,moth,3-Jun,22,2.531,8.662837945,57.75213985,7.777762544,,,
lt4 a7,PS3,alvar,14-Jun,24,2.412,2.245263477,46.11005779,23.95935621,,,
lt4 e5,PS3,edge,14-Jun,24,3.303,1.588619749,46.27184643,33.98158738,,,
mt4 f4,PS3,moth,15-Jun,24,1.673,9.794974045,53.92654862,6.423121331,,,
lt1 f6,PS3,alvar,20-Jun,25,3.366,2.061069838,47.09992612,26.66086941,,,
lt2 c3,PS3,edge,20-Jun,25,2.089,1.736596457,46.56869145,31.28541453,,,
mt4 f1,PS3,moth,21-Jun,25,2.188,9.36260104,52.31851559,6.519370839,,,
lt3 e4,PS3,alvar,29-Jun,26,2.049,2.215754143,47.93984744,25.24188985,,,
lt4 f5,PS3,edge,29-Jun,26,3.543,1.403391398,46.93595604,39.01877655,,,
mt4 e5,PS3,moth,30-Jun,26,2.968,8.877808182,54.56119656,7.170095142,,,
lt1 f3,PS3,alvar,5-Jul,27,2.163,1.858088808,47.72473214,29.96565823,,,
lt2 e6,PS3,edge,8-Jul,27,3.05,1.796379052,48.46697238,31.47709892,,,
mt3 f8,PS3,moth,6-Jul,27,2.977,9.22500208,55.23979082,6.986060498,,,
lt3 b8,PS3,alvar,18-Jul,29,2.351,1.991033105,49.03401924,28.73199629,,,
missing,PS3,edge,18-Jul,29,,,,,,,
lt1 b4,PS3,alvar,25-Jul,30,4.967,1.431894753,35.98480923,29.31938772,,,
lt1 a4,PS3,edge,25-Jul,30,3.336,1.238528198,47.35952252,44.61164177,,,
mt4 d4,PS3,moth,26-Jul,30,2.455,7.520971813,57.42414581,8.907736719,,,
lt4 f7,PS3,alvar,1-Aug,31,3.629,1.65623128,48.36235029,34.06694625,,,
mt4 c6,PS3,moth,2-Aug,31,2.762,9.099021982,56.11048207,7.194424764,,,
lt2 b4,PS3,alvar,16-Aug,33,2.349,1.690499251,45.62929953,31.49021376,,,
lt3 d1,PS3,edge,16-Aug,33,1.453,1.218677631,47.42314675,45.39921235,,,
mt4 c1,PS3,moth,17-Aug,33,2.109,8.467448204,57.00459937,7.854239474,,,
lt2 d1,PS3,alvar,22-Aug,34,3.357,1.709200881,47.01504523,32.09153863,,,
lt2 e4,PS3,edge,22-Aug,34,2.474,1.29463587,47.40682198,42.72086093,,,
mt4 b3,PS3,moth,23-Aug,34,2.023,6.398812492,55.89640075,10.19133904,,,
lt2 d4,PS3,alvar,13-Sep,37,2.605,1.561089355,47.49377198,35.49406091,,,
lt3 c4,PS3,edge,13-Sep,37,2.934,1.345760963,47.60894363,41.27313028,,,
mt4 b2,PS3,moth,14-Sep,37,2.094,6.844432156,59.35163041,10.11677335,,,
lt2 a8,PS3,alvar,20-Sep,38,3.766,1.413012919,47.40841099,39.14317562,,,
lt3 a2,PS3,edge,20-Sep,38,2.2524,1.15121551,46.40132904,47.02410923,,,
mt4 a7,PS3,moth,21-Sep,38,2.678,9.711478585,52.53643931,6.311347133,,,
lt5 d4,PS3,alvar,26-Sep,39,2.764,1.387982668,47.00698828,39.51165067,,,
lt6 b3,PS3,edge,26-Sep,39,2.775,1.330318609,47.48363668,41.64233722,,,
mt4 a1,PS3,moth,27-Sep,39,2.69,9.76531662,52.96604268,6.327876387,,,
lt2 c5,PS3,alvar,4-Oct,40,3.285,1.15229816,48.47052664,49.07492672,,,
lt1 d6,PS3,edge,4-Oct,40,3.991,1.207492439,47.66103028,46.04959298,,,
mt3 e8,PS3,moth,5-Oct,40,1.894,9.053170706,55.76026349,7.185730044,,,
lt5 e3,PS3 ,edge,1-Aug,31,2.53,1.346917603,46.94108759,40.6592074,,,
lt1 d8,PS4,alvar,8-May,19,2.499,2.966647009,47.6844868,18.75245053,,,
lt1 a8,PS4,edge,8-May,19,1.854,5.703579508,48.22068862,9.863537446,,,
mt5 b1,PS4,moth,9-May,19,2.77,10.83335866,52.52541355,5.656569773,,,
lt2 f3,PS4,alvar,16-May,20,2.954,2.653820097,48.12172042,21.15516693,,,
lt3 b6,PS4,edge,16-May,20,3.009,4.514006845,46.62485363,12.0504165,,,
NO MOTHS,PS4,moth,17-May,20,,,,,,,
lt1 e2,PS4,alvar,25-May,21,1.494,1.439965987,49.5402972,40.13776292,,,
lt2 e8,PS4,edge,25-May,21,2.585,2.307803246,49.50940212,25.02855009,,,
mt5 a7,PS4,moth,26-May,21,2.796,8.090398674,55.61394502,8.01974519,,,
lt1 c1,PS4,alvar,2-Jun,22,2.621,2.187966284,49.50833707,26.39881931,,,
lt2 f2,PS4,edge,2-Jun,22,3.651,2.357556331,50.48720729,24.98423519,,,
mt5 a3,PS4,moth,3-Jun,22,2.013,10.91688569,52.46025618,5.606327111,,,
lt4 e1,PS4,alvar,14-Jun,24,3.894,1.785645705,47.75648306,31.2021006,,,
lt5 c1,PS4,edge,14-Jun,24,3.867,2.054578715,49.15366487,27.91129,,,
mt4 f3,PS4,moth,15-Jun,24,1.479,10.59287065,54.55133221,6.008118385,,,
lt1 c7,PS4,alvar,20-Jun,25,1.825,1.435039828,47.24813366,38.41205068,,,
lt2 b7,PS4,edge,20-Jun,25,2.422,1.673233218,48.6079821,33.89205513,,,
mt4 f2,PS4,moth,21-Jun,25,2.917,8.970114897,51.2578157,6.666668785,,,
lt4 a5,PS4,alvar,29-Jun,26,2.889,1.512256729,49.17624246,37.93818984,,,
lt4 f8,PS4,edge,29-Jun,26,3.438,1.874754181,49.3007937,30.68007167,,,
mt4 e3,PS4,moth,30-Jun,26,2.211,10.67492204,51.5772875,5.636903188,,,
lt1 d2,PS4,alvar,18-Jul,29,3.713,1.341905222,49.5061301,43.04115585,,,
lt1 e4,PS4,edge,18-Jul,29,2.303,1.408746745,45.91677453,38.02640216,,,
mt4 d5,PS4,moth,19-Jul,29,2.931,8.640781315,56.1878749,7.586411267,,,
lt1 d7,PS4,alvar,25-Jul,30,3.379,1.208594074,49.81585078,48.08768619,,,
lt3 c3,PS4,edge,25-Jul,30,1.8,1.788229361,48.94914355,31.93512834,,,
mt4 d1,PS4,moth,26-Jul,30,2.255,8.824255729,56.17548924,7.427036658,,,
lt2 c6,PS4,alvar,1-Aug,31,3.098,1.400754013,49.8828594,41.54667325,,,
lt2 f1,PS4,edge,1-Aug,31,3.145,1.143657483,49.36381137,50.35695926,,,
mt4 c5,PS4,moth,2-Aug,31,1.639,8.372985326,59.03602748,8.225903034,,,
lt1 b7,PS4,alvar,16-Aug,33,3.752,1.119978026,46.66863307,48.61411325,,,
lt2 b8,PS4,edge,16-Aug,33,2.261,1.73763025,49.31612584,33.11146325,,,
mt4 b8,PS4,moth,17-Aug,33,1.567,8.692052581,52.53328041,7.051133961,,,
lt1 a6,PS4,alvar,22-Aug,34,4.552,1.150889748,49.67907817,50.3601015,,,
lt1 f1,PS4,edge,22-Aug,34,1.723,1.603377688,44.51996844,32.39409128,,,
mt4 b5,PS4,moth,23-Aug,34,2.245,7.418224735,52.67386562,8.284036332,,,
lt7 a5,PS4,alvar,13-Sep,37,2.802,1.306595798,49.5835109,44.27339309,,,
lt6 d2,PS4,edge,13-Sep,37,3.265,1.58679586,48.39413475,35.58102544,,,
mt4 a8,PS4,moth,14-Sep,37,2.31,11.11294611,50.21959066,5.272186318,,,
lt3 d5,PS4,alvar,20-Sep,38,2.274,1.438932899,50.68209833,41.09233637,,,
lt2 c2,PS4,edge,20-Sep,38,3.04,1.322902513,48.7908973,43.02865326,,,
mt3 f3,PS4,moth,21-Sep,38,3.079,8.535680337,56.30818425,7.696267788,,,
lt4 f3,PS4,alvar,26-Sep,39,3.454,1.303879928,49.98436646,44.72428248,,,
lt6 b8,PS4,edge,26-Sep,39,3.088,0.822280378,49.76838493,70.61230855,,,
missing,PS4,moth,27-Sep,39,,,,,,,
missing,PS4,alvar,4-Oct,40,,,,,,,
lt2 e2,PS4,edge,4-Oct,40,3.2421,1.501635349,53.1789012,41.31632319,,,
lt3 b7,PS5,alvar,8-May,19,2.772,4.243915853,44.1408563,12.13446908,,,
lt3 d3,PS5,edge,8-May,19,3.609,5.597898452,49.28754329,10.27209306,,,
mt5 a8,PS5,moth,9-May,19,2.708,11.57731152,48.96799185,4.934593297,,,
lt2 a4,PS5,alvar,16-May,20,3.363,2.843885945,44.40453549,18.21637449,,,
lt2 a3,PS5,edge,16-May,20,2.708,3.185794626,50.66135406,18.55264385,,,
lt1 f7,PS5,alvar,25-May,21,3.078,2.892753886,45.61514353,18.39688738,,,
lt3 a5,PS5,edge,25-May,21,3.843,2.51349874,52.76669231,24.49221082,,,
missing,PS5,moth,26-May,21,,,,,,,
lt1 a7,PS5,alvar,2-Jun,22,2.149,2.405036132,45.23394483,21.94267892,,,
lt1 e1,PS5,edge,2-Jun,22,1.762,2.447232934,50.96899711,24.29839397,,,
mt5 a2,PS5,moth,3-Jun,22,2.892,8.504451024,56.89447478,7.804958493,,,
lt3 e7,PS5,alvar,14-Jun,24,2.714,2.291124847,45.19281652,23.01269295,,,
lt4 e7,PS5,edge,14-Jun,24,2.778,2.14238148,49.64475689,27.03481317,,,
mt4 f6,PS5,moth,15-Jun,24,2.557,10.86696363,50.42053102,5.413099267,,,
lt3 b2,PS5,alvar,20-Jun,25,2.621,1.395117413,43.56026016,36.42725913,,,
lt1 b6,PS5,edge,20-Jun,25,3.655,2.080769804,50.74949089,28.45472827,,,
mt4 e6,PS5,moth,21-Jun,25,2.292,8.79826336,56.12635441,7.442462692,,,
lt3 d8,PS5,alvar,29-Jun,26,1.838,2.027617724,48.49419633,27.9029729,,,
missing,PS5,edge,29-Jun,26,,,,,,,
mt4 e1,PS5,moth,30-Jun,26,1.573,8.529862513,56.0999672,7.673038298,,,
lt1 a2,PS5,alvar,18-Jul,29,3.477,1.087837141,45.1116357,48.38062578,,,
lt2 d7,PS5,edge,18-Jul,29,3.023,2.054394881,50.03661661,28.4152055,,,
mt4 d7,PS5,moth,19-Jul,29,2.071,7.277566368,54.13011688,8.677599054,,,
lt3 b1,PS5,alvar,25-Jul,30,2.143,1.000458489,43.23571736,50.4185539,,,
lt2 c7,PS5,edge,25-Jul,30,3.933,1.975349603,50.12519279,29.6045781,,,
mt4 d2,PS5,moth,26-Jul,30,2.784,8.896285956,54.50454317,7.147773128,,,
missing,PS5,alvar,1-Aug,31,,,,,,,
lt6 d1,PS5,edge,1-Aug,31,3.958,1.973582756,49.36660382,29.18264813,,,
NO MOTHS,PS5,moth,2-Aug,31,,,,,,,
mt4 b6,PS5,moth,17-Aug,33,1.728,9.396323737,54.79530644,6.803496698,,,
lt9 a1,unknown,moth,unknown,unknown,2.06,12.97568039,49.07025339,4.411994379,,,
lt9 c8,unknown,moth,unknown,unknown,1.991,13.06091656,49.52870512,4.424152703,,,
lt8 c8,unknown,moth,unknown,unknown,3.046,12.97134688,49.26676793,4.431143229,,,
lt10 c4,unknown,moth,unknown,unknown,2.143,13.07420063,49.7234656,4.437036842,,,
lt7 c8,unknown,moth,unknown,unknown,2.282,12.86323176,49.14310933,4.457171309,,,
lt8 a2,unknown,moth,unknown,unknown,1.85,12.69507002,49.80773787,4.577290825,,,
lt9 e2,unknown,unknown,unknown,unknown,3.36,5.358817242,48.32173118,10.52011115,,,
lt8 f5,unknown,unknown,unknown,unknown,1.644,3.243344068,47.07689984,16.93408058,,,
lt9 b7,unknown,unknown,unknown,unknown,1.745,2.765845831,46.869225,19.76999654,,,
lt9 d1,unknown,unknown,unknown,unknown,1.758,1.687917883,47.28046895,32.67963901,,,
lt9 d4,unknown,unknown,unknown,unknown,3.085,1.174283526,45.21785571,44.92455511,,,
lt9 c4,unknown,unknown,unknown,unknown,3.301,1.130672805,44.11025789,45.51446475,,,
